code,system
10066,gprdproduct
10323,gprdproduct
10882,gprdproduct
10902,gprdproduct
11133,gprdproduct
11197,gprdproduct
11268,gprdproduct
11351,gprdproduct
1143,gprdproduct
1144,gprdproduct
11487,gprdproduct
11561,gprdproduct
11567,gprdproduct
11641,gprdproduct
11937,gprdproduct
11965,gprdproduct
11987,gprdproduct
12294,gprdproduct
12412,gprdproduct
13026,gprdproduct
1369,gprdproduct
14283,gprdproduct
14387,gprdproduct
14587,gprdproduct
15135,gprdproduct
1520,gprdproduct
16196,gprdproduct
16197,gprdproduct
16924,gprdproduct
17006,gprdproduct
17474,gprdproduct
17624,gprdproduct
18263,gprdproduct
19204,gprdproduct
196,gprdproduct
20188,gprdproduct
211,gprdproduct
21162,gprdproduct
21423,gprdproduct
21938,gprdproduct
22708,gprdproduct
23456,gprdproduct
24632,gprdproduct
2493,gprdproduct
25382,gprdproduct
26995,gprdproduct
277,gprdproduct
2772,gprdproduct
28127,gprdproduct
28129,gprdproduct
28438,gprdproduct
28486,gprdproduct
28586,gprdproduct
28820,gprdproduct
29530,gprdproduct
29627,gprdproduct
30039,gprdproduct
3069,gprdproduct
30773,gprdproduct
30921,gprdproduct
31773,gprdproduct
32166,gprdproduct
33057,gprdproduct
33336,gprdproduct
33527,gprdproduct
33658,gprdproduct
33811,gprdproduct
34382,gprdproduct
34390,gprdproduct
34400,gprdproduct
34412,gprdproduct
34429,gprdproduct
34431,gprdproduct
34432,gprdproduct
34471,gprdproduct
34490,gprdproduct
34505,gprdproduct
34528,gprdproduct
34539,gprdproduct
34540,gprdproduct
34562,gprdproduct
34567,gprdproduct
34589,gprdproduct
34613,gprdproduct
34652,gprdproduct
34732,gprdproduct
34936,gprdproduct
35173,gprdproduct
35174,gprdproduct
35196,gprdproduct
35317,gprdproduct
35329,gprdproduct
35343,gprdproduct
35481,gprdproduct
35697,gprdproduct
35794,gprdproduct
36190,gprdproduct
37080,gprdproduct
37087,gprdproduct
3720,gprdproduct
37655,gprdproduct
37778,gprdproduct
37908,gprdproduct
37930,gprdproduct
37964,gprdproduct
37965,gprdproduct
37978,gprdproduct
38034,gprdproduct
38308,gprdproduct
38459,gprdproduct
38889,gprdproduct
39227,gprdproduct
39512,gprdproduct
39807,gprdproduct
40355,gprdproduct
40639,gprdproduct
40711,gprdproduct
40898,gprdproduct
41205,gprdproduct
41232,gprdproduct
41417,gprdproduct
41532,gprdproduct
41538,gprdproduct
41617,gprdproduct
41694,gprdproduct
41719,gprdproduct
4182,gprdproduct
4226,gprdproduct
42901,gprdproduct
42908,gprdproduct
43411,gprdproduct
43412,gprdproduct
43418,gprdproduct
43432,gprdproduct
43507,gprdproduct
43508,gprdproduct
43563,gprdproduct
43566,gprdproduct
43649,gprdproduct
44527,gprdproduct
44657,gprdproduct
448,gprdproduct
45217,gprdproduct
45337,gprdproduct
45554,gprdproduct
45816,gprdproduct
46525,gprdproduct
46792,gprdproduct
46851,gprdproduct
46890,gprdproduct
46974,gprdproduct
46975,gprdproduct
47021,gprdproduct
47467,gprdproduct
47573,gprdproduct
47727,gprdproduct
47998,gprdproduct
48008,gprdproduct
48053,gprdproduct
48398,gprdproduct
4873,gprdproduct
49492,gprdproduct
50347,gprdproduct
50607,gprdproduct
50863,gprdproduct
50971,gprdproduct
51186,gprdproduct
51701,gprdproduct
51714,gprdproduct
51807,gprdproduct
51983,gprdproduct
520,gprdproduct
52088,gprdproduct
52189,gprdproduct
52197,gprdproduct
52499,gprdproduct
5275,gprdproduct
52882,gprdproduct
53220,gprdproduct
53621,gprdproduct
53820,gprdproduct
53915,gprdproduct
54283,gprdproduct
54298,gprdproduct
54544,gprdproduct
54620,gprdproduct
54740,gprdproduct
54941,gprdproduct
55358,gprdproduct
55456,gprdproduct
55718,gprdproduct
55798,gprdproduct
55896,gprdproduct
56,gprdproduct
56013,gprdproduct
56129,gprdproduct
56157,gprdproduct
56279,gprdproduct
56505,gprdproduct
57333,gprdproduct
5735,gprdproduct
57588,gprdproduct
57864,gprdproduct
57882,gprdproduct
57908,gprdproduct
57944,gprdproduct
58258,gprdproduct
58274,gprdproduct
58294,gprdproduct
58451,gprdproduct
58461,gprdproduct
58649,gprdproduct
58682,gprdproduct
59086,gprdproduct
59109,gprdproduct
59271,gprdproduct
59412,gprdproduct
59557,gprdproduct
59603,gprdproduct
59699,gprdproduct
59915,gprdproduct
60067,gprdproduct
60097,gprdproduct
60143,gprdproduct
60232,gprdproduct
60309,gprdproduct
60349,gprdproduct
60465,gprdproduct
6288,gprdproduct
6314,gprdproduct
6362,gprdproduct
6364,gprdproduct
6408,gprdproduct
654,gprdproduct
6765,gprdproduct
6807,gprdproduct
709,gprdproduct
7314,gprdproduct
78,gprdproduct
7806,gprdproduct
80,gprdproduct
8052,gprdproduct
8106,gprdproduct
8800,gprdproduct
9431,gprdproduct
9456,gprdproduct
1021,gprdproduct
12313,gprdproduct
1301,gprdproduct
13589,gprdproduct
14478,gprdproduct
15874,gprdproduct
17686,gprdproduct
17960,gprdproduct
18200,gprdproduct
18219,gprdproduct
18332,gprdproduct
18903,gprdproduct
18910,gprdproduct
1904,gprdproduct
19194,gprdproduct
19198,gprdproduct
193,gprdproduct
21231,gprdproduct
22439,gprdproduct
24041,gprdproduct
25965,gprdproduct
27520,gprdproduct
27926,gprdproduct
29634,gprdproduct
29780,gprdproduct
2982,gprdproduct
30625,gprdproduct
31548,gprdproduct
31587,gprdproduct
31716,gprdproduct
32560,gprdproduct
32918,gprdproduct
33078,gprdproduct
33353,gprdproduct
34280,gprdproduct
34453,gprdproduct
34696,gprdproduct
34712,gprdproduct
34768,gprdproduct
34798,gprdproduct
34799,gprdproduct
34953,gprdproduct
35162,gprdproduct
35380,gprdproduct
37573,gprdproduct
38854,gprdproduct
38901,gprdproduct
39021,gprdproduct
39199,gprdproduct
39984,gprdproduct
40316,gprdproduct
41292,gprdproduct
41522,gprdproduct
41533,gprdproduct
4211,gprdproduct
4258,gprdproduct
42902,gprdproduct
43413,gprdproduct
45324,gprdproduct
46355,gprdproduct
46365,gprdproduct
4661,gprdproduct
46687,gprdproduct
46979,gprdproduct
4705,gprdproduct
47815,gprdproduct
51433,gprdproduct
5159,gprdproduct
5189,gprdproduct
51897,gprdproduct
52887,gprdproduct
53551,gprdproduct
53719,gprdproduct
53967,gprdproduct
54201,gprdproduct
54825,gprdproduct
55,gprdproduct
55002,gprdproduct
55399,gprdproduct
55588,gprdproduct
56051,gprdproduct
56244,gprdproduct
56510,gprdproduct
57600,gprdproduct
57610,gprdproduct
5868,gprdproduct
59030,gprdproduct
59111,gprdproduct
59290,gprdproduct
59884,gprdproduct
59939,gprdproduct
59996,gprdproduct
60258,gprdproduct
6118,gprdproduct
6243,gprdproduct
6285,gprdproduct
6468,gprdproduct
69,gprdproduct
7441,gprdproduct
7799,gprdproduct
8105,gprdproduct
8268,gprdproduct
10316,gprdproduct
11348,gprdproduct
11526,gprdproduct
7338,gprdproduct
9196,gprdproduct
10392,gprdproduct
25334,gprdproduct
3248,gprdproduct
41405,gprdproduct
41828,gprdproduct
10422,gprdproduct
12318,gprdproduct
14738,gprdproduct
1780,gprdproduct
1807,gprdproduct
18650,gprdproduct
19056,gprdproduct
19258,gprdproduct
30875,gprdproduct
34719,gprdproduct
34937,gprdproduct
3839,gprdproduct
41743,gprdproduct
4540,gprdproduct
49268,gprdproduct
51601,gprdproduct
52045,gprdproduct
5249,gprdproduct
52659,gprdproduct
54049,gprdproduct
54057,gprdproduct
54735,gprdproduct
54843,gprdproduct
55160,gprdproduct
55296,gprdproduct
55738,gprdproduct
56104,gprdproduct
56204,gprdproduct
56975,gprdproduct
5723,gprdproduct
57796,gprdproduct
59351,gprdproduct
59750,gprdproduct
59903,gprdproduct
6437,gprdproduct
10781,gprdproduct
1121,gprdproduct
15958,gprdproduct
17633,gprdproduct
33646,gprdproduct
34544,gprdproduct
41633,gprdproduct
45228,gprdproduct
46951,gprdproduct
46957,gprdproduct
52293,gprdproduct
58195,gprdproduct
11251,gprdproduct
11265,gprdproduct
13123,gprdproduct
13821,gprdproduct
14761,gprdproduct
14870,gprdproduct
14943,gprdproduct
15096,gprdproduct
16285,gprdproduct
18202,gprdproduct
19192,gprdproduct
20117,gprdproduct
20538,gprdproduct
24359,gprdproduct
25717,gprdproduct
26292,gprdproduct
27447,gprdproduct
27690,gprdproduct
27696,gprdproduct
2961,gprdproduct
32896,gprdproduct
34006,gprdproduct
34374,gprdproduct
34557,gprdproduct
40668,gprdproduct
41203,gprdproduct
42285,gprdproduct
42388,gprdproduct
42488,gprdproduct
43322,gprdproduct
43915,gprdproduct
46699,gprdproduct
46715,gprdproduct
46948,gprdproduct
47616,gprdproduct
56375,gprdproduct
5728,gprdproduct
575,gprdproduct
58669,gprdproduct
5988,gprdproduct
59911,gprdproduct
6,gprdproduct
60007,gprdproduct
60291,gprdproduct
6351,gprdproduct
7606,gprdproduct
8102,gprdproduct
9680,gprdproduct
9731,gprdproduct
11252,gprdproduct
12874,gprdproduct
13435,gprdproduct
16060,gprdproduct
16161,gprdproduct
17545,gprdproduct
17689,gprdproduct
18223,gprdproduct
18497,gprdproduct
19690,gprdproduct
24268,gprdproduct
3222,gprdproduct
34622,gprdproduct
3793,gprdproduct
38395,gprdproduct
5220,gprdproduct
52858,gprdproduct
58910,gprdproduct
59448,gprdproduct
764,gprdproduct
11448,gprdproduct
1293,gprdproduct
58108,gprdproduct
58201,gprdproduct
60597,gprdproduct
11469,gprdproduct
2971,gprdproduct
36939,gprdproduct
52972,gprdproduct
55017,gprdproduct
59393,gprdproduct
11864,gprdproduct
24484,gprdproduct
44778,gprdproduct
4645,gprdproduct
53833,gprdproduct
55187,gprdproduct
60076,gprdproduct
11983,gprdproduct
20975,gprdproduct
35302,gprdproduct
36742,gprdproduct
50334,gprdproduct
54986,gprdproduct
57378,gprdproduct
58751,gprdproduct
12226,gprdproduct
15341,gprdproduct
1776,gprdproduct
2788,gprdproduct
12354,gprdproduct
32002,gprdproduct
12367,gprdproduct
7709,gprdproduct
12411,gprdproduct
12574,gprdproduct
15605,gprdproduct
12815,gprdproduct
12836,gprdproduct
12858,gprdproduct
1299,gprdproduct
15031,gprdproduct
19208,gprdproduct
19223,gprdproduct
32241,gprdproduct
32597,gprdproduct
33894,gprdproduct
33977,gprdproduct
34357,gprdproduct
34583,gprdproduct
34651,gprdproduct
34657,gprdproduct
34710,gprdproduct
34877,gprdproduct
34893,gprdproduct
34943,gprdproduct
34952,gprdproduct
35007,gprdproduct
37650,gprdproduct
37710,gprdproduct
38367,gprdproduct
40247,gprdproduct
40384,gprdproduct
41746,gprdproduct
42894,gprdproduct
43416,gprdproduct
45300,gprdproduct
45340,gprdproduct
46116,gprdproduct
47006,gprdproduct
47159,gprdproduct
48039,gprdproduct
49164,gprdproduct
49588,gprdproduct
50509,gprdproduct
52010,gprdproduct
52407,gprdproduct
52658,gprdproduct
53271,gprdproduct
53612,gprdproduct
54037,gprdproduct
54288,gprdproduct
54404,gprdproduct
54928,gprdproduct
55446,gprdproduct
55639,gprdproduct
55903,gprdproduct
56038,gprdproduct
56169,gprdproduct
562,gprdproduct
56356,gprdproduct
56763,gprdproduct
56855,gprdproduct
56970,gprdproduct
57028,gprdproduct
57048,gprdproduct
57346,gprdproduct
58224,gprdproduct
58863,gprdproduct
58871,gprdproduct
59788,gprdproduct
60010,gprdproduct
60506,gprdproduct
624,gprdproduct
65,gprdproduct
6786,gprdproduct
756,gprdproduct
82,gprdproduct
13755,gprdproduct
27871,gprdproduct
14228,gprdproduct
14960,gprdproduct
5612,gprdproduct
56506,gprdproduct
56508,gprdproduct
5800,gprdproduct
14477,gprdproduct
147,gprdproduct
32857,gprdproduct
34698,gprdproduct
45264,gprdproduct
52399,gprdproduct
55299,gprdproduct
56148,gprdproduct
56704,gprdproduct
57073,gprdproduct
57235,gprdproduct
57658,gprdproduct
761,gprdproduct
14837,gprdproduct
14965,gprdproduct
37747,gprdproduct
40571,gprdproduct
52427,gprdproduct
14983,gprdproduct
15085,gprdproduct
16708,gprdproduct
39421,gprdproduct
6200,gprdproduct
15108,gprdproduct
3929,gprdproduct
15121,gprdproduct
17120,gprdproduct
16206,gprdproduct
16212,gprdproduct
21053,gprdproduct
23642,gprdproduct
16371,gprdproduct
9745,gprdproduct
16701,gprdproduct
17655,gprdproduct
39147,gprdproduct
39242,gprdproduct
9764,gprdproduct
16710,gprdproduct
29130,gprdproduct
8025,gprdproduct
8026,gprdproduct
18096,gprdproduct
18269,gprdproduct
18325,gprdproduct
18716,gprdproduct
21849,gprdproduct
19300,gprdproduct
20579,gprdproduct
7582,gprdproduct
20849,gprdproduct
23478,gprdproduct
21943,gprdproduct
32048,gprdproduct
22658,gprdproduct
23252,gprdproduct
42723,gprdproduct
24482,gprdproduct
25998,gprdproduct
24832,gprdproduct
30913,gprdproduct
31072,gprdproduct
4155,gprdproduct
4685,gprdproduct
5013,gprdproduct
5117,gprdproduct
7734,gprdproduct
24835,gprdproduct
2495,gprdproduct
26529,gprdproduct
28724,gprdproduct
28725,gprdproduct
28902,gprdproduct
31307,gprdproduct
31810,gprdproduct
3050,gprdproduct
31932,gprdproduct
32091,gprdproduct
34934,gprdproduct
36767,gprdproduct
39602,gprdproduct
45305,gprdproduct
55548,gprdproduct
814,gprdproduct
3203,gprdproduct
32277,gprdproduct
52900,gprdproduct
32514,gprdproduct
56850,gprdproduct
3287,gprdproduct
54512,gprdproduct
58078,gprdproduct
32934,gprdproduct
33095,gprdproduct
35731,gprdproduct
38285,gprdproduct
38510,gprdproduct
43012,gprdproduct
43813,gprdproduct
45319,gprdproduct
45938,gprdproduct
48049,gprdproduct
48180,gprdproduct
48214,gprdproduct
49491,gprdproduct
53058,gprdproduct
54733,gprdproduct
54899,gprdproduct
54942,gprdproduct
56162,gprdproduct
56472,gprdproduct
56473,gprdproduct
56516,gprdproduct
57701,gprdproduct
57801,gprdproduct
58843,gprdproduct
58874,gprdproduct
593,gprdproduct
59770,gprdproduct
59790,gprdproduct
59972,gprdproduct
60065,gprdproduct
6078,gprdproduct
97,gprdproduct
3310,gprdproduct
56509,gprdproduct
35096,gprdproduct
35189,gprdproduct
35304,gprdproduct
36753,gprdproduct
37971,gprdproduct
38026,gprdproduct
38899,gprdproduct
38995,gprdproduct
39137,gprdproduct
57539,gprdproduct
6359,gprdproduct
39355,gprdproduct
42081,gprdproduct
6261,gprdproduct
9646,gprdproduct
9693,gprdproduct
9915,gprdproduct
39786,gprdproduct
6217,gprdproduct
39944,gprdproduct
52886,gprdproduct
58967,gprdproduct
59340,gprdproduct
40190,gprdproduct
40738,gprdproduct
4103,gprdproduct
5047,gprdproduct
54345,gprdproduct
9948,gprdproduct
41573,gprdproduct
45600,gprdproduct
6518,gprdproduct
6877,gprdproduct
4571,gprdproduct
4741,gprdproduct
4818,gprdproduct
50185,gprdproduct
51117,gprdproduct
51519,gprdproduct
51647,gprdproduct
52208,gprdproduct
52559,gprdproduct
529,gprdproduct
531,gprdproduct
53680,gprdproduct
53755,gprdproduct
54326,gprdproduct
54414,gprdproduct
57026,gprdproduct
57266,gprdproduct
57273,gprdproduct
57977,gprdproduct
58646,gprdproduct
59690,gprdproduct
59802,gprdproduct
7043,gprdproduct
47647,gprdproduct
48098,gprdproduct
6794,gprdproduct
50402,gprdproduct
50780,gprdproduct
51368,gprdproduct
56606,gprdproduct
5218,gprdproduct
56079,gprdproduct
5861,gprdproduct
633,gprdproduct
59029,gprdproduct
6160,gprdproduct
6806,gprdproduct
6939,gprdproduct
7419,gprdproduct
828,gprdproduct
8830,gprdproduct